[{"model": "admin.logentry", "pk": 1, "fields": {"action_time": "2023-11-07T14:45:22.660Z", "user": "bc0df5be-3d29-4934-900d-c3c0eff2611d", "content_type": 7, "object_id": "a65aaad5-d4e6-4dfb-92b8-5dc4b6286a8b", "object_repr": "Houses", "action_flag": 1, "change_message": "[{\"added\": {}}]"}}, {"model": "admin.logentry", "pk": 2, "fields": {"action_time": "2023-11-08T11:46:56.456Z", "user": "bc0df5be-3d29-4934-900d-c3c0eff2611d", "content_type": 8, "object_id": "02d27928-cece-45c3-be44-24c1ad2959bd", "object_repr": "hh", "action_flag": 1, "change_message": "[{\"added\": {}}]"}}, {"model": "admin.logentry", "pk": 3, "fields": {"action_time": "2023-11-08T11:51:15.955Z", "user": "bc0df5be-3d29-4934-900d-c3c0eff2611d", "content_type": 8, "object_id": "8a17fb03-95bf-4f68-bd07-8c5a45b8af01", "object_repr": "ff", "action_flag": 1, "change_message": "[{\"added\": {}}]"}}, {"model": "admin.logentry", "pk": 4, "fields": {"action_time": "2023-11-08T13:07:35.472Z", "user": "bc0df5be-3d29-4934-900d-c3c0eff2611d", "content_type": 9, "object_id": "1", "object_repr": "To: nate, Message: nhf", "action_flag": 1, "change_message": "[{\"added\": {}}]"}}, {"model": "admin.logentry", "pk": 5, "fields": {"action_time": "2023-11-08T14:39:41.714Z", "user": "bc0df5be-3d29-4934-900d-c3c0eff2611d", "content_type": 10, "object_id": "1", "object_repr": "Username: nate, Post title: hh", "action_flag": 1, "change_message": "[{\"added\": {}}]"}}, {"model": "admin.logentry", "pk": 6, "fields": {"action_time": "2023-11-09T12:47:18.775Z", "user": "bc0df5be-3d29-4934-900d-c3c0eff2611d", "content_type": 6, "object_id": "da15f523-2567-4f8b-8928-9b23791972e2", "object_repr": "u1", "action_flag": 1, "change_message": "[{\"added\": {}}]"}}, {"model": "admin.logentry", "pk": 7, "fields": {"action_time": "2023-11-09T12:57:55.504Z", "user": "bc0df5be-3d29-4934-900d-c3c0eff2611d", "content_type": 6, "object_id": "b7b59286-eef3-4b8c-8594-4fbfd4bb68b9", "object_repr": "u2", "action_flag": 1, "change_message": "[{\"added\": {}}]"}}, {"model": "admin.logentry", "pk": 8, "fields": {"action_time": "2023-11-09T12:58:13.498Z", "user": "bc0df5be-3d29-4934-900d-c3c0eff2611d", "content_type": 6, "object_id": "7afcf235-6c5c-46b0-b3bc-8cc67a2eee16", "object_repr": "u3", "action_flag": 1, "change_message": "[{\"added\": {}}]"}}, {"model": "admin.logentry", "pk": 9, "fields": {"action_time": "2023-11-09T12:58:32.757Z", "user": "bc0df5be-3d29-4934-900d-c3c0eff2611d", "content_type": 6, "object_id": "ab4e3d38-3245-4876-a5d0-aed52cec964e", "object_repr": "u4", "action_flag": 1, "change_message": "[{\"added\": {}}]"}}, {"model": "admin.logentry", "pk": 10, "fields": {"action_time": "2023-11-09T12:58:51.855Z", "user": "bc0df5be-3d29-4934-900d-c3c0eff2611d", "content_type": 6, "object_id": "98ec0983-da95-4b40-814a-b0ecbc1f6edf", "object_repr": "u5", "action_flag": 1, "change_message": "[{\"added\": {}}]"}}, {"model": "admin.logentry", "pk": 11, "fields": {"action_time": "2023-11-09T12:59:10.942Z", "user": "bc0df5be-3d29-4934-900d-c3c0eff2611d", "content_type": 6, "object_id": "9b7ebabb-bd95-4689-85ba-5462668ee33c", "object_repr": "u6", "action_flag": 1, "change_message": "[{\"added\": {}}]"}}, {"model": "admin.logentry", "pk": 12, "fields": {"action_time": "2023-11-09T12:59:23.719Z", "user": "bc0df5be-3d29-4934-900d-c3c0eff2611d", "content_type": 6, "object_id": "320474c0-010c-47eb-b3b5-838fffbbf173", "object_repr": "u7", "action_flag": 1, "change_message": "[{\"added\": {}}]"}}, {"model": "admin.logentry", "pk": 13, "fields": {"action_time": "2023-11-09T12:59:57.819Z", "user": "bc0df5be-3d29-4934-900d-c3c0eff2611d", "content_type": 8, "object_id": "8b5bb46b-9bdb-4c6d-a229-fcd0e02d0192", "object_repr": "p1", "action_flag": 1, "change_message": "[{\"added\": {}}]"}}, {"model": "admin.logentry", "pk": 14, "fields": {"action_time": "2023-11-09T13:00:41.900Z", "user": "bc0df5be-3d29-4934-900d-c3c0eff2611d", "content_type": 8, "object_id": "2a8c7f6c-114a-4a27-8926-378ebd3c9fef", "object_repr": "p2", "action_flag": 1, "change_message": "[{\"added\": {}}]"}}, {"model": "admin.logentry", "pk": 15, "fields": {"action_time": "2023-11-09T13:01:29.178Z", "user": "bc0df5be-3d29-4934-900d-c3c0eff2611d", "content_type": 8, "object_id": "74570df6-3ca3-4108-bcc6-db716614c42b", "object_repr": "p4", "action_flag": 1, "change_message": "[{\"added\": {}}]"}}, {"model": "admin.logentry", "pk": 16, "fields": {"action_time": "2023-11-09T13:02:14.546Z", "user": "bc0df5be-3d29-4934-900d-c3c0eff2611d", "content_type": 8, "object_id": "f3561684-531c-454b-92c6-60c8e7e7e7da", "object_repr": "p3", "action_flag": 1, "change_message": "[{\"added\": {}}]"}}, {"model": "admin.logentry", "pk": 17, "fields": {"action_time": "2023-11-09T13:02:59.106Z", "user": "bc0df5be-3d29-4934-900d-c3c0eff2611d", "content_type": 8, "object_id": "b993723c-13b1-4de0-9d87-904692d3c3ff", "object_repr": "p5", "action_flag": 1, "change_message": "[{\"added\": {}}]"}}, {"model": "admin.logentry", "pk": 18, "fields": {"action_time": "2023-11-09T13:04:41.402Z", "user": "bc0df5be-3d29-4934-900d-c3c0eff2611d", "content_type": 12, "object_id": "1", "object_repr": "Interaction object (1)", "action_flag": 1, "change_message": "[{\"added\": {}}]"}}, {"model": "admin.logentry", "pk": 19, "fields": {"action_time": "2023-11-09T13:08:52.067Z", "user": "bc0df5be-3d29-4934-900d-c3c0eff2611d", "content_type": 12, "object_id": "2", "object_repr": "Interaction object (2)", "action_flag": 1, "change_message": "[{\"added\": {}}]"}}, {"model": "admin.logentry", "pk": 20, "fields": {"action_time": "2023-11-09T13:14:16.701Z", "user": "bc0df5be-3d29-4934-900d-c3c0eff2611d", "content_type": 12, "object_id": "3", "object_repr": "Interaction object (3)", "action_flag": 1, "change_message": "[{\"added\": {}}]"}}, {"model": "admin.logentry", "pk": 21, "fields": {"action_time": "2023-11-09T13:40:52.870Z", "user": "bc0df5be-3d29-4934-900d-c3c0eff2611d", "content_type": 12, "object_id": "4", "object_repr": "Interaction object (4)", "action_flag": 1, "change_message": "[{\"added\": {}}]"}}, {"model": "admin.logentry", "pk": 22, "fields": {"action_time": "2023-11-09T13:52:26.724Z", "user": "bc0df5be-3d29-4934-900d-c3c0eff2611d", "content_type": 12, "object_id": "5", "object_repr": "User: u6, Post: ff", "action_flag": 1, "change_message": "[{\"added\": {}}]"}}, {"model": "admin.logentry", "pk": 23, "fields": {"action_time": "2023-11-09T13:54:16.534Z", "user": "bc0df5be-3d29-4934-900d-c3c0eff2611d", "content_type": 12, "object_id": "6", "object_repr": "User: u7, Post: hh", "action_flag": 1, "change_message": "[{\"added\": {}}]"}}, {"model": "admin.logentry", "pk": 24, "fields": {"action_time": "2023-11-09T13:55:19.858Z", "user": "bc0df5be-3d29-4934-900d-c3c0eff2611d", "content_type": 12, "object_id": "7", "object_repr": "User: u7, Post: p2", "action_flag": 1, "change_message": "[{\"added\": {}}]"}}, {"model": "admin.logentry", "pk": 25, "fields": {"action_time": "2023-11-09T13:56:03.167Z", "user": "bc0df5be-3d29-4934-900d-c3c0eff2611d", "content_type": 12, "object_id": "8", "object_repr": "User: nate, Post: p2", "action_flag": 1, "change_message": "[{\"added\": {}}]"}}, {"model": "admin.logentry", "pk": 26, "fields": {"action_time": "2023-11-09T13:57:32.405Z", "user": "bc0df5be-3d29-4934-900d-c3c0eff2611d", "content_type": 12, "object_id": "9", "object_repr": "User: u6, Post: ff", "action_flag": 1, "change_message": "[{\"added\": {}}]"}}, {"model": "admin.logentry", "pk": 27, "fields": {"action_time": "2023-11-09T14:05:03.019Z", "user": "bc0df5be-3d29-4934-900d-c3c0eff2611d", "content_type": 12, "object_id": "10", "object_repr": "User: u6, Post: p3", "action_flag": 1, "change_message": "[{\"added\": {}}]"}}, {"model": "admin.logentry", "pk": 28, "fields": {"action_time": "2023-11-09T14:08:03.564Z", "user": "bc0df5be-3d29-4934-900d-c3c0eff2611d", "content_type": 12, "object_id": "11", "object_repr": "User: u6, Post: p4", "action_flag": 1, "change_message": "[{\"added\": {}}]"}}, {"model": "admin.logentry", "pk": 29, "fields": {"action_time": "2023-11-10T02:32:15.912Z", "user": "bc0df5be-3d29-4934-900d-c3c0eff2611d", "content_type": 13, "object_id": "1", "object_repr": "User: nate, Post: p1", "action_flag": 1, "change_message": "[{\"added\": {}}]"}}, {"model": "admin.logentry", "pk": 30, "fields": {"action_time": "2023-11-10T02:32:40.176Z", "user": "bc0df5be-3d29-4934-900d-c3c0eff2611d", "content_type": 13, "object_id": "2", "object_repr": "User: u1, Post: p1", "action_flag": 1, "change_message": "[{\"added\": {}}]"}}, {"model": "admin.logentry", "pk": 31, "fields": {"action_time": "2023-11-10T02:32:53.154Z", "user": "bc0df5be-3d29-4934-900d-c3c0eff2611d", "content_type": 13, "object_id": "3", "object_repr": "User: u1, Post: p2", "action_flag": 1, "change_message": "[{\"added\": {}}]"}}, {"model": "admin.logentry", "pk": 32, "fields": {"action_time": "2023-11-10T02:33:27.488Z", "user": "bc0df5be-3d29-4934-900d-c3c0eff2611d", "content_type": 13, "object_id": "4", "object_repr": "User: u1, Post: p3", "action_flag": 1, "change_message": "[{\"added\": {}}]"}}, {"model": "admin.logentry", "pk": 33, "fields": {"action_time": "2023-11-10T02:33:37.578Z", "user": "bc0df5be-3d29-4934-900d-c3c0eff2611d", "content_type": 13, "object_id": "4", "object_repr": "User: u1, Post: p3", "action_flag": 2, "change_message": "[{\"changed\": {\"fields\": [\"Strength\"]}}]"}}, {"model": "admin.logentry", "pk": 34, "fields": {"action_time": "2023-11-10T03:13:55.879Z", "user": "bc0df5be-3d29-4934-900d-c3c0eff2611d", "content_type": 13, "object_id": "3", "object_repr": "User: u1, Post: p2", "action_flag": 2, "change_message": "[{\"changed\": {\"fields\": [\"Strength\"]}}]"}}, {"model": "admin.logentry", "pk": 35, "fields": {"action_time": "2023-11-10T03:27:32.585Z", "user": "bc0df5be-3d29-4934-900d-c3c0eff2611d", "content_type": 10, "object_id": "2", "object_repr": "Username: nate, Post title: p2", "action_flag": 1, "change_message": "[{\"added\": {}}]"}}, {"model": "admin.logentry", "pk": 36, "fields": {"action_time": "2023-11-10T03:29:26.461Z", "user": "bc0df5be-3d29-4934-900d-c3c0eff2611d", "content_type": 11, "object_id": "1", "object_repr": "Username: nate, Post title: p3", "action_flag": 1, "change_message": "[{\"added\": {}}]"}}, {"model": "admin.logentry", "pk": 37, "fields": {"action_time": "2023-11-10T03:39:33.416Z", "user": "bc0df5be-3d29-4934-900d-c3c0eff2611d", "content_type": 13, "object_id": "5", "object_repr": "User: u2, Post: hh", "action_flag": 1, "change_message": "[{\"added\": {}}]"}}, {"model": "admin.logentry", "pk": 38, "fields": {"action_time": "2023-11-10T03:39:49.247Z", "user": "bc0df5be-3d29-4934-900d-c3c0eff2611d", "content_type": 13, "object_id": "6", "object_repr": "User: u3, Post: ff", "action_flag": 1, "change_message": "[{\"added\": {}}]"}}, {"model": "admin.logentry", "pk": 39, "fields": {"action_time": "2023-11-10T03:40:02.747Z", "user": "bc0df5be-3d29-4934-900d-c3c0eff2611d", "content_type": 13, "object_id": "7", "object_repr": "User: u2, Post: p5", "action_flag": 1, "change_message": "[{\"added\": {}}]"}}, {"model": "admin.logentry", "pk": 40, "fields": {"action_time": "2023-11-10T03:40:26.547Z", "user": "bc0df5be-3d29-4934-900d-c3c0eff2611d", "content_type": 13, "object_id": "8", "object_repr": "User: u3, Post: p3", "action_flag": 1, "change_message": "[{\"added\": {}}]"}}, {"model": "admin.logentry", "pk": 41, "fields": {"action_time": "2023-11-10T03:40:48.590Z", "user": "bc0df5be-3d29-4934-900d-c3c0eff2611d", "content_type": 13, "object_id": "9", "object_repr": "User: u2, Post: p4", "action_flag": 1, "change_message": "[{\"added\": {}}]"}}, {"model": "admin.logentry", "pk": 42, "fields": {"action_time": "2023-11-10T03:41:12.536Z", "user": "bc0df5be-3d29-4934-900d-c3c0eff2611d", "content_type": 13, "object_id": "10", "object_repr": "User: u2, Post: p1", "action_flag": 1, "change_message": "[{\"added\": {}}]"}}, {"model": "admin.logentry", "pk": 43, "fields": {"action_time": "2023-11-10T03:41:37.409Z", "user": "bc0df5be-3d29-4934-900d-c3c0eff2611d", "content_type": 13, "object_id": "11", "object_repr": "User: u3, Post: p1", "action_flag": 1, "change_message": "[{\"added\": {}}]"}}, {"model": "admin.logentry", "pk": 44, "fields": {"action_time": "2023-11-10T04:58:20.239Z", "user": "bc0df5be-3d29-4934-900d-c3c0eff2611d", "content_type": 10, "object_id": "2", "object_repr": "Username: nate, Post title: p2", "action_flag": 3, "change_message": ""}}, {"model": "admin.logentry", "pk": 45, "fields": {"action_time": "2023-11-10T04:58:20.379Z", "user": "bc0df5be-3d29-4934-900d-c3c0eff2611d", "content_type": 10, "object_id": "1", "object_repr": "Username: nate, Post title: hh", "action_flag": 3, "change_message": ""}}, {"model": "admin.logentry", "pk": 46, "fields": {"action_time": "2023-11-10T04:58:33.751Z", "user": "bc0df5be-3d29-4934-900d-c3c0eff2611d", "content_type": 10, "object_id": "3", "object_repr": "Username: nate, Post title: p4", "action_flag": 1, "change_message": "[{\"added\": {}}]"}}, {"model": "admin.logentry", "pk": 47, "fields": {"action_time": "2023-11-10T05:13:01.344Z", "user": "bc0df5be-3d29-4934-900d-c3c0eff2611d", "content_type": 8, "object_id": "74570df6-3ca3-4108-bcc6-db716614c42b", "object_repr": "p4", "action_flag": 2, "change_message": "[{\"changed\": {\"fields\": [\"CategoryId\"]}}]"}}, {"model": "admin.logentry", "pk": 48, "fields": {"action_time": "2023-11-10T05:17:03.891Z", "user": "bc0df5be-3d29-4934-900d-c3c0eff2611d", "content_type": 12, "object_id": "11", "object_repr": "User: u6, Post: p4", "action_flag": 3, "change_message": ""}}, {"model": "admin.logentry", "pk": 49, "fields": {"action_time": "2023-11-10T05:17:04.014Z", "user": "bc0df5be-3d29-4934-900d-c3c0eff2611d", "content_type": 12, "object_id": "10", "object_repr": "User: u6, Post: p3", "action_flag": 3, "change_message": ""}}, {"model": "admin.logentry", "pk": 50, "fields": {"action_time": "2023-11-10T05:17:04.147Z", "user": "bc0df5be-3d29-4934-900d-c3c0eff2611d", "content_type": 12, "object_id": "9", "object_repr": "User: u6, Post: ff", "action_flag": 3, "change_message": ""}}, {"model": "admin.logentry", "pk": 51, "fields": {"action_time": "2023-11-10T05:17:04.298Z", "user": "bc0df5be-3d29-4934-900d-c3c0eff2611d", "content_type": 12, "object_id": "8", "object_repr": "User: nate, Post: p2", "action_flag": 3, "change_message": ""}}, {"model": "admin.logentry", "pk": 52, "fields": {"action_time": "2023-11-10T05:17:04.432Z", "user": "bc0df5be-3d29-4934-900d-c3c0eff2611d", "content_type": 12, "object_id": "7", "object_repr": "User: u7, Post: p2", "action_flag": 3, "change_message": ""}}, {"model": "admin.logentry", "pk": 53, "fields": {"action_time": "2023-11-10T05:17:04.583Z", "user": "bc0df5be-3d29-4934-900d-c3c0eff2611d", "content_type": 12, "object_id": "6", "object_repr": "User: u7, Post: hh", "action_flag": 3, "change_message": ""}}, {"model": "admin.logentry", "pk": 54, "fields": {"action_time": "2023-11-10T05:17:04.714Z", "user": "bc0df5be-3d29-4934-900d-c3c0eff2611d", "content_type": 12, "object_id": "5", "object_repr": "User: u6, Post: ff", "action_flag": 3, "change_message": ""}}, {"model": "admin.logentry", "pk": 55, "fields": {"action_time": "2023-11-10T05:17:04.873Z", "user": "bc0df5be-3d29-4934-900d-c3c0eff2611d", "content_type": 12, "object_id": "4", "object_repr": "User: u6, Post: p5", "action_flag": 3, "change_message": ""}}, {"model": "admin.logentry", "pk": 56, "fields": {"action_time": "2023-11-10T05:17:04.997Z", "user": "bc0df5be-3d29-4934-900d-c3c0eff2611d", "content_type": 12, "object_id": "3", "object_repr": "User: u1, Post: p5", "action_flag": 3, "change_message": ""}}, {"model": "admin.logentry", "pk": 57, "fields": {"action_time": "2023-11-10T05:17:05.131Z", "user": "bc0df5be-3d29-4934-900d-c3c0eff2611d", "content_type": 12, "object_id": "2", "object_repr": "User: nate, Post: p5", "action_flag": 3, "change_message": ""}}, {"model": "admin.logentry", "pk": 58, "fields": {"action_time": "2023-11-10T05:17:05.248Z", "user": "bc0df5be-3d29-4934-900d-c3c0eff2611d", "content_type": 12, "object_id": "1", "object_repr": "User: u1, Post: p1", "action_flag": 3, "change_message": ""}}, {"model": "admin.logentry", "pk": 59, "fields": {"action_time": "2023-11-10T05:17:26.083Z", "user": "bc0df5be-3d29-4934-900d-c3c0eff2611d", "content_type": 13, "object_id": "11", "object_repr": "User: u3, Post: p1", "action_flag": 3, "change_message": ""}}, {"model": "admin.logentry", "pk": 60, "fields": {"action_time": "2023-11-10T05:17:26.244Z", "user": "bc0df5be-3d29-4934-900d-c3c0eff2611d", "content_type": 13, "object_id": "10", "object_repr": "User: u2, Post: p1", "action_flag": 3, "change_message": ""}}, {"model": "admin.logentry", "pk": 61, "fields": {"action_time": "2023-11-10T05:17:26.472Z", "user": "bc0df5be-3d29-4934-900d-c3c0eff2611d", "content_type": 13, "object_id": "9", "object_repr": "User: u2, Post: p4", "action_flag": 3, "change_message": ""}}, {"model": "admin.logentry", "pk": 62, "fields": {"action_time": "2023-11-10T05:17:26.661Z", "user": "bc0df5be-3d29-4934-900d-c3c0eff2611d", "content_type": 13, "object_id": "8", "object_repr": "User: u3, Post: p3", "action_flag": 3, "change_message": ""}}, {"model": "admin.logentry", "pk": 63, "fields": {"action_time": "2023-11-10T05:17:26.803Z", "user": "bc0df5be-3d29-4934-900d-c3c0eff2611d", "content_type": 13, "object_id": "7", "object_repr": "User: u2, Post: p5", "action_flag": 3, "change_message": ""}}, {"model": "admin.logentry", "pk": 64, "fields": {"action_time": "2023-11-10T05:17:26.928Z", "user": "bc0df5be-3d29-4934-900d-c3c0eff2611d", "content_type": 13, "object_id": "6", "object_repr": "User: u3, Post: ff", "action_flag": 3, "change_message": ""}}, {"model": "admin.logentry", "pk": 65, "fields": {"action_time": "2023-11-10T05:17:27.044Z", "user": "bc0df5be-3d29-4934-900d-c3c0eff2611d", "content_type": 13, "object_id": "5", "object_repr": "User: u2, Post: hh", "action_flag": 3, "change_message": ""}}, {"model": "admin.logentry", "pk": 66, "fields": {"action_time": "2023-11-10T05:17:27.169Z", "user": "bc0df5be-3d29-4934-900d-c3c0eff2611d", "content_type": 13, "object_id": "4", "object_repr": "User: u1, Post: p3", "action_flag": 3, "change_message": ""}}, {"model": "admin.logentry", "pk": 67, "fields": {"action_time": "2023-11-10T05:17:27.294Z", "user": "bc0df5be-3d29-4934-900d-c3c0eff2611d", "content_type": 13, "object_id": "3", "object_repr": "User: u1, Post: p2", "action_flag": 3, "change_message": ""}}, {"model": "admin.logentry", "pk": 68, "fields": {"action_time": "2023-11-10T05:17:27.427Z", "user": "bc0df5be-3d29-4934-900d-c3c0eff2611d", "content_type": 13, "object_id": "2", "object_repr": "User: u1, Post: p1", "action_flag": 3, "change_message": ""}}, {"model": "admin.logentry", "pk": 69, "fields": {"action_time": "2023-11-10T05:17:27.544Z", "user": "bc0df5be-3d29-4934-900d-c3c0eff2611d", "content_type": 13, "object_id": "1", "object_repr": "User: nate, Post: p1", "action_flag": 3, "change_message": ""}}, {"model": "admin.logentry", "pk": 70, "fields": {"action_time": "2023-11-10T05:17:47.988Z", "user": "bc0df5be-3d29-4934-900d-c3c0eff2611d", "content_type": 13, "object_id": "12", "object_repr": "User: nate, Post: hh", "action_flag": 1, "change_message": "[{\"added\": {}}]"}}, {"model": "admin.logentry", "pk": 71, "fields": {"action_time": "2023-11-10T05:18:08.615Z", "user": "bc0df5be-3d29-4934-900d-c3c0eff2611d", "content_type": 13, "object_id": "13", "object_repr": "User: u1, Post: p1", "action_flag": 1, "change_message": "[{\"added\": {}}]"}}, {"model": "admin.logentry", "pk": 72, "fields": {"action_time": "2023-11-10T05:18:26.274Z", "user": "bc0df5be-3d29-4934-900d-c3c0eff2611d", "content_type": 13, "object_id": "14", "object_repr": "User: u1, Post: p2", "action_flag": 1, "change_message": "[{\"added\": {}}]"}}, {"model": "admin.logentry", "pk": 73, "fields": {"action_time": "2023-11-10T05:18:48.395Z", "user": "bc0df5be-3d29-4934-900d-c3c0eff2611d", "content_type": 13, "object_id": "15", "object_repr": "User: u1, Post: hh", "action_flag": 1, "change_message": "[{\"added\": {}}]"}}, {"model": "admin.logentry", "pk": 74, "fields": {"action_time": "2023-11-10T05:19:16.004Z", "user": "bc0df5be-3d29-4934-900d-c3c0eff2611d", "content_type": 13, "object_id": "16", "object_repr": "User: u2, Post: p3", "action_flag": 1, "change_message": "[{\"added\": {}}]"}}, {"model": "admin.logentry", "pk": 75, "fields": {"action_time": "2023-11-10T05:19:28.419Z", "user": "bc0df5be-3d29-4934-900d-c3c0eff2611d", "content_type": 13, "object_id": "17", "object_repr": "User: u2, Post: p4", "action_flag": 1, "change_message": "[{\"added\": {}}]"}}, {"model": "admin.logentry", "pk": 76, "fields": {"action_time": "2023-11-10T05:19:39.339Z", "user": "bc0df5be-3d29-4934-900d-c3c0eff2611d", "content_type": 13, "object_id": "18", "object_repr": "User: u2, Post: hh", "action_flag": 1, "change_message": "[{\"added\": {}}]"}}, {"model": "admin.logentry", "pk": 77, "fields": {"action_time": "2023-11-10T05:22:08.393Z", "user": "bc0df5be-3d29-4934-900d-c3c0eff2611d", "content_type": 13, "object_id": "19", "object_repr": "User: u3, Post: p5", "action_flag": 1, "change_message": "[{\"added\": {}}]"}}, {"model": "admin.logentry", "pk": 78, "fields": {"action_time": "2023-11-10T05:22:21.749Z", "user": "bc0df5be-3d29-4934-900d-c3c0eff2611d", "content_type": 13, "object_id": "20", "object_repr": "User: u3, Post: ff", "action_flag": 1, "change_message": "[{\"added\": {}}]"}}, {"model": "admin.logentry", "pk": 79, "fields": {"action_time": "2023-11-10T05:22:33.929Z", "user": "bc0df5be-3d29-4934-900d-c3c0eff2611d", "content_type": 13, "object_id": "21", "object_repr": "User: u3, Post: hh", "action_flag": 1, "change_message": "[{\"added\": {}}]"}}, {"model": "admin.logentry", "pk": 80, "fields": {"action_time": "2023-11-10T05:23:09.435Z", "user": "bc0df5be-3d29-4934-900d-c3c0eff2611d", "content_type": 13, "object_id": "19", "object_repr": "User: u3, Post: p5", "action_flag": 2, "change_message": "[{\"changed\": {\"fields\": [\"Strength\"]}}]"}}, {"model": "admin.logentry", "pk": 81, "fields": {"action_time": "2023-11-10T05:24:00.066Z", "user": "bc0df5be-3d29-4934-900d-c3c0eff2611d", "content_type": 13, "object_id": "21", "object_repr": "User: u3, Post: hh", "action_flag": 2, "change_message": "[{\"changed\": {\"fields\": [\"Strength\"]}}]"}}, {"model": "admin.logentry", "pk": 82, "fields": {"action_time": "2023-11-10T05:24:10.473Z", "user": "bc0df5be-3d29-4934-900d-c3c0eff2611d", "content_type": 13, "object_id": "18", "object_repr": "User: u2, Post: hh", "action_flag": 2, "change_message": "[{\"changed\": {\"fields\": [\"Strength\"]}}]"}}, {"model": "admin.logentry", "pk": 83, "fields": {"action_time": "2023-11-10T05:24:26.361Z", "user": "bc0df5be-3d29-4934-900d-c3c0eff2611d", "content_type": 13, "object_id": "15", "object_repr": "User: u1, Post: hh", "action_flag": 2, "change_message": "[{\"changed\": {\"fields\": [\"Strength\"]}}]"}}, {"model": "admin.logentry", "pk": 84, "fields": {"action_time": "2023-11-10T05:24:41.865Z", "user": "bc0df5be-3d29-4934-900d-c3c0eff2611d", "content_type": 13, "object_id": "18", "object_repr": "User: u2, Post: hh", "action_flag": 2, "change_message": "[{\"changed\": {\"fields\": [\"Strength\"]}}]"}}, {"model": "admin.logentry", "pk": 85, "fields": {"action_time": "2023-11-10T20:56:13.577Z", "user": "bc0df5be-3d29-4934-900d-c3c0eff2611d", "content_type": 15, "object_id": "1", "object_repr": "User: nate, User2: u1", "action_flag": 1, "change_message": "[{\"added\": {}}]"}}, {"model": "admin.logentry", "pk": 86, "fields": {"action_time": "2023-11-10T20:58:11.193Z", "user": "bc0df5be-3d29-4934-900d-c3c0eff2611d", "content_type": 15, "object_id": "1", "object_repr": "User: nate, User2: u1", "action_flag": 3, "change_message": ""}}, {"model": "admin.logentry", "pk": 87, "fields": {"action_time": "2023-11-10T20:58:28.484Z", "user": "bc0df5be-3d29-4934-900d-c3c0eff2611d", "content_type": 15, "object_id": "2", "object_repr": "User: nate, User2: u2", "action_flag": 1, "change_message": "[{\"added\": {}}]"}}, {"model": "admin.logentry", "pk": 88, "fields": {"action_time": "2023-11-10T20:59:21.585Z", "user": "bc0df5be-3d29-4934-900d-c3c0eff2611d", "content_type": 16, "object_id": "1", "object_repr": "User: nate, Category: Houses", "action_flag": 1, "change_message": "[{\"added\": {}}]"}}, {"model": "admin.logentry", "pk": 89, "fields": {"action_time": "2023-11-10T20:59:49.005Z", "user": "bc0df5be-3d29-4934-900d-c3c0eff2611d", "content_type": 8, "object_id": "8b5bb46b-9bdb-4c6d-a229-fcd0e02d0192", "object_repr": "p1", "action_flag": 2, "change_message": "[{\"changed\": {\"fields\": [\"CategoryId\"]}}]"}}, {"model": "admin.logentry", "pk": 90, "fields": {"action_time": "2023-11-10T21:05:12.010Z", "user": "bc0df5be-3d29-4934-900d-c3c0eff2611d", "content_type": 8, "object_id": "b993723c-13b1-4de0-9d87-904692d3c3ff", "object_repr": "p5", "action_flag": 2, "change_message": "[{\"changed\": {\"fields\": [\"CategoryId\"]}}]"}}, {"model": "admin.logentry", "pk": 91, "fields": {"action_time": "2023-11-10T21:05:23.675Z", "user": "bc0df5be-3d29-4934-900d-c3c0eff2611d", "content_type": 8, "object_id": "b993723c-13b1-4de0-9d87-904692d3c3ff", "object_repr": "p5", "action_flag": 2, "change_message": "[{\"changed\": {\"fields\": [\"CategoryId\"]}}]"}}, {"model": "admin.logentry", "pk": 92, "fields": {"action_time": "2023-11-10T21:17:40.867Z", "user": "bc0df5be-3d29-4934-900d-c3c0eff2611d", "content_type": 16, "object_id": "2", "object_repr": "User: nate, Category: Houses", "action_flag": 1, "change_message": "[{\"added\": {}}]"}}, {"model": "admin.logentry", "pk": 93, "fields": {"action_time": "2023-11-10T21:18:03.531Z", "user": "bc0df5be-3d29-4934-900d-c3c0eff2611d", "content_type": 18, "object_id": "1", "object_repr": "Category: Houses, Seller: u7", "action_flag": 1, "change_message": "[{\"added\": {}}]"}}, {"model": "admin.logentry", "pk": 94, "fields": {"action_time": "2023-11-10T21:18:20.024Z", "user": "bc0df5be-3d29-4934-900d-c3c0eff2611d", "content_type": 8, "object_id": "8a17fb03-95bf-4f68-bd07-8c5a45b8af01", "object_repr": "ff", "action_flag": 2, "change_message": "[{\"changed\": {\"fields\": [\"SellerId\"]}}]"}}, {"model": "admin.logentry", "pk": 95, "fields": {"action_time": "2023-11-10T21:18:58.992Z", "user": "bc0df5be-3d29-4934-900d-c3c0eff2611d", "content_type": 14, "object_id": "1", "object_repr": "Seller: u4, New Post: p2, Category: Car", "action_flag": 1, "change_message": "[{\"added\": {}}]"}}, {"model": "admin.logentry", "pk": 96, "fields": {"action_time": "2023-11-10T21:19:07.343Z", "user": "bc0df5be-3d29-4934-900d-c3c0eff2611d", "content_type": 14, "object_id": "1", "object_repr": "Seller: u4, New Post: p2, Category: Houses", "action_flag": 2, "change_message": "[{\"changed\": {\"fields\": [\"Category id\"]}}]"}}, {"model": "admin.logentry", "pk": 97, "fields": {"action_time": "2023-11-10T21:35:41.732Z", "user": "bc0df5be-3d29-4934-900d-c3c0eff2611d", "content_type": 14, "object_id": "1", "object_repr": "Seller: u4, New Post: p2", "action_flag": 2, "change_message": "[{\"changed\": {\"fields\": [\"Category id\"]}}]"}}, {"model": "admin.logentry", "pk": 98, "fields": {"action_time": "2023-11-10T21:37:54.305Z", "user": "bc0df5be-3d29-4934-900d-c3c0eff2611d", "content_type": 14, "object_id": "1", "object_repr": "Seller: u4, New Post: p2, Category: Car", "action_flag": 2, "change_message": "[{\"changed\": {\"fields\": [\"Category id\"]}}]"}}, {"model": "admin.logentry", "pk": 99, "fields": {"action_time": "2023-11-10T21:42:44.065Z", "user": "bc0df5be-3d29-4934-900d-c3c0eff2611d", "content_type": 14, "object_id": "1", "object_repr": "Seller: u4, New Post: p2, Category: Car", "action_flag": 2, "change_message": "[]"}}, {"model": "admin.logentry", "pk": 100, "fields": {"action_time": "2023-11-10T21:42:55.356Z", "user": "bc0df5be-3d29-4934-900d-c3c0eff2611d", "content_type": 16, "object_id": "1", "object_repr": "User: nate, Category: Car", "action_flag": 2, "change_message": "[{\"changed\": {\"fields\": [\"Category id\"]}}]"}}, {"model": "admin.logentry", "pk": 101, "fields": {"action_time": "2023-11-10T21:49:00.022Z", "user": "bc0df5be-3d29-4934-900d-c3c0eff2611d", "content_type": 14, "object_id": "2", "object_repr": "Seller: u3, New Post: hh, Category: hey", "action_flag": 1, "change_message": "[{\"added\": {}}]"}}, {"model": "admin.logentry", "pk": 102, "fields": {"action_time": "2023-11-10T22:00:56.866Z", "user": "bc0df5be-3d29-4934-900d-c3c0eff2611d", "content_type": 8, "object_id": "b993723c-13b1-4de0-9d87-904692d3c3ff", "object_repr": "p5", "action_flag": 2, "change_message": "[{\"changed\": {\"fields\": [\"SellerId\"]}}]"}}, {"model": "admin.logentry", "pk": 103, "fields": {"action_time": "2023-11-10T22:03:18.748Z", "user": "bc0df5be-3d29-4934-900d-c3c0eff2611d", "content_type": 16, "object_id": "1", "object_repr": "User: nate, Category: Car", "action_flag": 3, "change_message": ""}}, {"model": "admin.logentry", "pk": 104, "fields": {"action_time": "2023-11-10T22:03:29.540Z", "user": "bc0df5be-3d29-4934-900d-c3c0eff2611d", "content_type": 16, "object_id": "2", "object_repr": "User: nate, Category: Houses", "action_flag": 3, "change_message": ""}}, {"model": "admin.logentry", "pk": 105, "fields": {"action_time": "2023-11-10T22:03:40.240Z", "user": "bc0df5be-3d29-4934-900d-c3c0eff2611d", "content_type": 16, "object_id": "3", "object_repr": "User: nate, Category: Car", "action_flag": 1, "change_message": "[{\"added\": {}}]"}}, {"model": "admin.logentry", "pk": 106, "fields": {"action_time": "2023-11-10T22:04:07.199Z", "user": "bc0df5be-3d29-4934-900d-c3c0eff2611d", "content_type": 8, "object_id": "74570df6-3ca3-4108-bcc6-db716614c42b", "object_repr": "p4", "action_flag": 2, "change_message": "[{\"changed\": {\"fields\": [\"CategoryId\"]}}]"}}, {"model": "admin.logentry", "pk": 107, "fields": {"action_time": "2023-11-11T07:46:32.416Z", "user": "bc0df5be-3d29-4934-900d-c3c0eff2611d", "content_type": 17, "object_id": "1", "object_repr": "Follower: nate, Followed: u2", "action_flag": 1, "change_message": "[{\"added\": {}}]"}}, {"model": "admin.logentry", "pk": 108, "fields": {"action_time": "2023-11-11T07:47:02.329Z", "user": "bc0df5be-3d29-4934-900d-c3c0eff2611d", "content_type": 8, "object_id": "2a8c7f6c-114a-4a27-8926-378ebd3c9fef", "object_repr": "p2", "action_flag": 2, "change_message": "[{\"changed\": {\"fields\": [\"SellerId\"]}}]"}}, {"model": "admin.logentry", "pk": 109, "fields": {"action_time": "2023-11-11T07:51:53.425Z", "user": "bc0df5be-3d29-4934-900d-c3c0eff2611d", "content_type": 17, "object_id": "2", "object_repr": "Follower: nate, Followed: u7", "action_flag": 1, "change_message": "[{\"added\": {}}]"}}, {"model": "admin.logentry", "pk": 110, "fields": {"action_time": "2023-11-11T07:52:09.192Z", "user": "bc0df5be-3d29-4934-900d-c3c0eff2611d", "content_type": 15, "object_id": "3", "object_repr": "User: nate, User2: u7", "action_flag": 1, "change_message": "[{\"added\": {}}]"}}, {"model": "admin.logentry", "pk": 111, "fields": {"action_time": "2023-11-11T07:52:26.763Z", "user": "bc0df5be-3d29-4934-900d-c3c0eff2611d", "content_type": 10, "object_id": "4", "object_repr": "Username: nate, Post title: ff", "action_flag": 1, "change_message": "[{\"added\": {}}]"}}, {"model": "admin.logentry", "pk": 112, "fields": {"action_time": "2023-11-11T11:29:46.424Z", "user": "bc0df5be-3d29-4934-900d-c3c0eff2611d", "content_type": 16, "object_id": "3", "object_repr": "User: nate, Category: Houses", "action_flag": 2, "change_message": "[{\"changed\": {\"fields\": [\"Category id\"]}}]"}}, {"model": "admin.logentry", "pk": 113, "fields": {"action_time": "2023-11-11T11:33:41.341Z", "user": "bc0df5be-3d29-4934-900d-c3c0eff2611d", "content_type": 8, "object_id": "b993723c-13b1-4de0-9d87-904692d3c3ff", "object_repr": "p5", "action_flag": 2, "change_message": "[]"}}, {"model": "admin.logentry", "pk": 114, "fields": {"action_time": "2023-11-11T11:36:51.543Z", "user": "bc0df5be-3d29-4934-900d-c3c0eff2611d", "content_type": 14, "object_id": "2", "object_repr": "Seller: u3, New Post: hh, Category: Houses", "action_flag": 2, "change_message": "[{\"changed\": {\"fields\": [\"Category id\"]}}]"}}, {"model": "admin.logentry", "pk": 115, "fields": {"action_time": "2023-11-11T11:44:30.902Z", "user": "bc0df5be-3d29-4934-900d-c3c0eff2611d", "content_type": 13, "object_id": "17", "object_repr": "User: u2, Post: p4", "action_flag": 2, "change_message": "[{\"changed\": {\"fields\": [\"Strength\"]}}]"}}, {"model": "auth.permission", "pk": 1, "fields": {"name": "Can add log entry", "content_type": 1, "codename": "add_logentry"}}, {"model": "auth.permission", "pk": 2, "fields": {"name": "Can change log entry", "content_type": 1, "codename": "change_logentry"}}, {"model": "auth.permission", "pk": 3, "fields": {"name": "Can delete log entry", "content_type": 1, "codename": "delete_logentry"}}, {"model": "auth.permission", "pk": 4, "fields": {"name": "Can view log entry", "content_type": 1, "codename": "view_logentry"}}, {"model": "auth.permission", "pk": 5, "fields": {"name": "Can add permission", "content_type": 2, "codename": "add_permission"}}, {"model": "auth.permission", "pk": 6, "fields": {"name": "Can change permission", "content_type": 2, "codename": "change_permission"}}, {"model": "auth.permission", "pk": 7, "fields": {"name": "Can delete permission", "content_type": 2, "codename": "delete_permission"}}, {"model": "auth.permission", "pk": 8, "fields": {"name": "Can view permission", "content_type": 2, "codename": "view_permission"}}, {"model": "auth.permission", "pk": 9, "fields": {"name": "Can add group", "content_type": 3, "codename": "add_group"}}, {"model": "auth.permission", "pk": 10, "fields": {"name": "Can change group", "content_type": 3, "codename": "change_group"}}, {"model": "auth.permission", "pk": 11, "fields": {"name": "Can delete group", "content_type": 3, "codename": "delete_group"}}, {"model": "auth.permission", "pk": 12, "fields": {"name": "Can view group", "content_type": 3, "codename": "view_group"}}, {"model": "auth.permission", "pk": 13, "fields": {"name": "Can add content type", "content_type": 4, "codename": "add_contenttype"}}, {"model": "auth.permission", "pk": 14, "fields": {"name": "Can change content type", "content_type": 4, "codename": "change_contenttype"}}, {"model": "auth.permission", "pk": 15, "fields": {"name": "Can delete content type", "content_type": 4, "codename": "delete_contenttype"}}, {"model": "auth.permission", "pk": 16, "fields": {"name": "Can view content type", "content_type": 4, "codename": "view_contenttype"}}, {"model": "auth.permission", "pk": 17, "fields": {"name": "Can add session", "content_type": 5, "codename": "add_session"}}, {"model": "auth.permission", "pk": 18, "fields": {"name": "Can change session", "content_type": 5, "codename": "change_session"}}, {"model": "auth.permission", "pk": 19, "fields": {"name": "Can delete session", "content_type": 5, "codename": "delete_session"}}, {"model": "auth.permission", "pk": 20, "fields": {"name": "Can view session", "content_type": 5, "codename": "view_session"}}, {"model": "auth.permission", "pk": 21, "fields": {"name": "Can add user", "content_type": 6, "codename": "add_user"}}, {"model": "auth.permission", "pk": 22, "fields": {"name": "Can change user", "content_type": 6, "codename": "change_user"}}, {"model": "auth.permission", "pk": 23, "fields": {"name": "Can delete user", "content_type": 6, "codename": "delete_user"}}, {"model": "auth.permission", "pk": 24, "fields": {"name": "Can view user", "content_type": 6, "codename": "view_user"}}, {"model": "auth.permission", "pk": 25, "fields": {"name": "Can add category", "content_type": 7, "codename": "add_category"}}, {"model": "auth.permission", "pk": 26, "fields": {"name": "Can change category", "content_type": 7, "codename": "change_category"}}, {"model": "auth.permission", "pk": 27, "fields": {"name": "Can delete category", "content_type": 7, "codename": "delete_category"}}, {"model": "auth.permission", "pk": 28, "fields": {"name": "Can view category", "content_type": 7, "codename": "view_category"}}, {"model": "auth.permission", "pk": 29, "fields": {"name": "Can add post", "content_type": 8, "codename": "add_post"}}, {"model": "auth.permission", "pk": 30, "fields": {"name": "Can change post", "content_type": 8, "codename": "change_post"}}, {"model": "auth.permission", "pk": 31, "fields": {"name": "Can delete post", "content_type": 8, "codename": "delete_post"}}, {"model": "auth.permission", "pk": 32, "fields": {"name": "Can view post", "content_type": 8, "codename": "view_post"}}, {"model": "auth.permission", "pk": 33, "fields": {"name": "Can add notification", "content_type": 9, "codename": "add_notification"}}, {"model": "auth.permission", "pk": 34, "fields": {"name": "Can change notification", "content_type": 9, "codename": "change_notification"}}, {"model": "auth.permission", "pk": 35, "fields": {"name": "Can delete notification", "content_type": 9, "codename": "delete_notification"}}, {"model": "auth.permission", "pk": 36, "fields": {"name": "Can view notification", "content_type": 9, "codename": "view_notification"}}, {"model": "auth.permission", "pk": 37, "fields": {"name": "Can add like", "content_type": 10, "codename": "add_like"}}, {"model": "auth.permission", "pk": 38, "fields": {"name": "Can change like", "content_type": 10, "codename": "change_like"}}, {"model": "auth.permission", "pk": 39, "fields": {"name": "Can delete like", "content_type": 10, "codename": "delete_like"}}, {"model": "auth.permission", "pk": 40, "fields": {"name": "Can view like", "content_type": 10, "codename": "view_like"}}, {"model": "auth.permission", "pk": 41, "fields": {"name": "Can add favourite", "content_type": 11, "codename": "add_favourite"}}, {"model": "auth.permission", "pk": 42, "fields": {"name": "Can change favourite", "content_type": 11, "codename": "change_favourite"}}, {"model": "auth.permission", "pk": 43, "fields": {"name": "Can delete favourite", "content_type": 11, "codename": "delete_favourite"}}, {"model": "auth.permission", "pk": 44, "fields": {"name": "Can view favourite", "content_type": 11, "codename": "view_favourite"}}, {"model": "auth.permission", "pk": 45, "fields": {"name": "Can add interaction", "content_type": 12, "codename": "add_interaction"}}, {"model": "auth.permission", "pk": 46, "fields": {"name": "Can change interaction", "content_type": 12, "codename": "change_interaction"}}, {"model": "auth.permission", "pk": 47, "fields": {"name": "Can delete interaction", "content_type": 12, "codename": "delete_interaction"}}, {"model": "auth.permission", "pk": 48, "fields": {"name": "Can view interaction", "content_type": 12, "codename": "view_interaction"}}, {"model": "auth.permission", "pk": 49, "fields": {"name": "Can add interaction user to post", "content_type": 13, "codename": "add_interactionusertopost"}}, {"model": "auth.permission", "pk": 50, "fields": {"name": "Can change interaction user to post", "content_type": 13, "codename": "change_interactionusertopost"}}, {"model": "auth.permission", "pk": 51, "fields": {"name": "Can delete interaction user to post", "content_type": 13, "codename": "delete_interactionusertopost"}}, {"model": "auth.permission", "pk": 52, "fields": {"name": "Can view interaction user to post", "content_type": 13, "codename": "view_interactionusertopost"}}, {"model": "auth.permission", "pk": 53, "fields": {"name": "Can add new post", "content_type": 14, "codename": "add_newpost"}}, {"model": "auth.permission", "pk": 54, "fields": {"name": "Can change new post", "content_type": 14, "codename": "change_newpost"}}, {"model": "auth.permission", "pk": 55, "fields": {"name": "Can delete new post", "content_type": 14, "codename": "delete_newpost"}}, {"model": "auth.permission", "pk": 56, "fields": {"name": "Can view new post", "content_type": 14, "codename": "view_newpost"}}, {"model": "auth.permission", "pk": 57, "fields": {"name": "Can add interaction user to user", "content_type": 15, "codename": "add_interactionusertouser"}}, {"model": "auth.permission", "pk": 58, "fields": {"name": "Can change interaction user to user", "content_type": 15, "codename": "change_interactionusertouser"}}, {"model": "auth.permission", "pk": 59, "fields": {"name": "Can delete interaction user to user", "content_type": 15, "codename": "delete_interactionusertouser"}}, {"model": "auth.permission", "pk": 60, "fields": {"name": "Can view interaction user to user", "content_type": 15, "codename": "view_interactionusertouser"}}, {"model": "auth.permission", "pk": 61, "fields": {"name": "Can add interaction user to category", "content_type": 16, "codename": "add_interactionusertocategory"}}, {"model": "auth.permission", "pk": 62, "fields": {"name": "Can change interaction user to category", "content_type": 16, "codename": "change_interactionusertocategory"}}, {"model": "auth.permission", "pk": 63, "fields": {"name": "Can delete interaction user to category", "content_type": 16, "codename": "delete_interactionusertocategory"}}, {"model": "auth.permission", "pk": 64, "fields": {"name": "Can view interaction user to category", "content_type": 16, "codename": "view_interactionusertocategory"}}, {"model": "auth.permission", "pk": 65, "fields": {"name": "Can add follower", "content_type": 17, "codename": "add_follower"}}, {"model": "auth.permission", "pk": 66, "fields": {"name": "Can change follower", "content_type": 17, "codename": "change_follower"}}, {"model": "auth.permission", "pk": 67, "fields": {"name": "Can delete follower", "content_type": 17, "codename": "delete_follower"}}, {"model": "auth.permission", "pk": 68, "fields": {"name": "Can view follower", "content_type": 17, "codename": "view_follower"}}, {"model": "auth.permission", "pk": 69, "fields": {"name": "Can add association category to seller", "content_type": 18, "codename": "add_associationcategorytoseller"}}, {"model": "auth.permission", "pk": 70, "fields": {"name": "Can change association category to seller", "content_type": 18, "codename": "change_associationcategorytoseller"}}, {"model": "auth.permission", "pk": 71, "fields": {"name": "Can delete association category to seller", "content_type": 18, "codename": "delete_associationcategorytoseller"}}, {"model": "auth.permission", "pk": 72, "fields": {"name": "Can view association category to seller", "content_type": 18, "codename": "view_associationcategorytoseller"}}, {"model": "contenttypes.contenttype", "pk": 1, "fields": {"app_label": "admin", "model": "logentry"}}, {"model": "contenttypes.contenttype", "pk": 2, "fields": {"app_label": "auth", "model": "permission"}}, {"model": "contenttypes.contenttype", "pk": 3, "fields": {"app_label": "auth", "model": "group"}}, {"model": "contenttypes.contenttype", "pk": 4, "fields": {"app_label": "contenttypes", "model": "contenttype"}}, {"model": "contenttypes.contenttype", "pk": 5, "fields": {"app_label": "sessions", "model": "session"}}, {"model": "contenttypes.contenttype", "pk": 6, "fields": {"app_label": "posts", "model": "user"}}, {"model": "contenttypes.contenttype", "pk": 7, "fields": {"app_label": "posts", "model": "category"}}, {"model": "contenttypes.contenttype", "pk": 8, "fields": {"app_label": "posts", "model": "post"}}, {"model": "contenttypes.contenttype", "pk": 9, "fields": {"app_label": "posts", "model": "notification"}}, {"model": "contenttypes.contenttype", "pk": 10, "fields": {"app_label": "posts", "model": "like"}}, {"model": "contenttypes.contenttype", "pk": 11, "fields": {"app_label": "posts", "model": "favourite"}}, {"model": "contenttypes.contenttype", "pk": 12, "fields": {"app_label": "posts", "model": "interaction"}}, {"model": "contenttypes.contenttype", "pk": 13, "fields": {"app_label": "posts", "model": "interactionusertopost"}}, {"model": "contenttypes.contenttype", "pk": 14, "fields": {"app_label": "posts", "model": "newpost"}}, {"model": "contenttypes.contenttype", "pk": 15, "fields": {"app_label": "posts", "model": "interactionusertouser"}}, {"model": "contenttypes.contenttype", "pk": 16, "fields": {"app_label": "posts", "model": "interactionusertocategory"}}, {"model": "contenttypes.contenttype", "pk": 17, "fields": {"app_label": "posts", "model": "follower"}}, {"model": "contenttypes.contenttype", "pk": 18, "fields": {"app_label": "posts", "model": "associationcategorytoseller"}}, {"model": "sessions.session", "pk": "qmuzp7z5h2ohyvloxfasxq297kuzxnfs", "fields": {"session_data": ".eJxVjjsOwyAQBe9CHdCygIGU7nMGi2UhdhLZkj9VlLvHllwk9ZsZvbfo0rb23baUuRtYXAVl4OqoSMMYpY3GygjAMpsMpVZstGZx-dUo5WcZD5cfabxPKk_jOg-kDkSd66JuE5dXe7J_gT4t_W6j9skjG2JHwbINhBpRx8AM1XumAAXcfquiaRIGoKawy7m64KO3Xny-IcFBDw:1r0NGz:yUDBd82oxOuDTDKGNF3W2oiYqiUhHyIR7yYuCo9Ulko", "expire_date": "2023-11-21T14:41:45.266Z"}}, {"model": "posts.user", "pk": "320474c0-010c-47eb-b3b5-838fffbbf173", "fields": {"password": "123", "last_login": null, "is_superuser": false, "username": "u7", "first_name": "", "last_name": "", "email": "", "is_staff": false, "is_active": true, "date_joined": "2023-11-09T12:59:13Z", "phone": "3", "groups": [], "user_permissions": []}}, {"model": "posts.user", "pk": "7afcf235-6c5c-46b0-b3bc-8cc67a2eee16", "fields": {"password": "123", "last_login": null, "is_superuser": false, "username": "u3", "first_name": "", "last_name": "", "email": "", "is_staff": false, "is_active": true, "date_joined": "2023-11-09T12:57:58Z", "phone": "002", "groups": [], "user_permissions": []}}, {"model": "posts.user", "pk": "98ec0983-da95-4b40-814a-b0ecbc1f6edf", "fields": {"password": "123", "last_login": null, "is_superuser": false, "username": "u5", "first_name": "", "last_name": "", "email": "", "is_staff": false, "is_active": true, "date_joined": "2023-11-09T12:58:38Z", "phone": "44", "groups": [], "user_permissions": []}}, {"model": "posts.user", "pk": "9b7ebabb-bd95-4689-85ba-5462668ee33c", "fields": {"password": "123", "last_login": null, "is_superuser": false, "username": "u6", "first_name": "", "last_name": "", "email": "", "is_staff": false, "is_active": true, "date_joined": "2023-11-09T12:58:55Z", "phone": "33", "groups": [], "user_permissions": []}}, {"model": "posts.user", "pk": "ab4e3d38-3245-4876-a5d0-aed52cec964e", "fields": {"password": "123", "last_login": null, "is_superuser": false, "username": "u4", "first_name": "", "last_name": "", "email": "", "is_staff": false, "is_active": true, "date_joined": "2023-11-09T12:58:19Z", "phone": "003", "groups": [], "user_permissions": []}}, {"model": "posts.user", "pk": "b7b59286-eef3-4b8c-8594-4fbfd4bb68b9", "fields": {"password": "123", "last_login": null, "is_superuser": false, "username": "u2", "first_name": "", "last_name": "", "email": "", "is_staff": false, "is_active": true, "date_joined": "2023-11-09T12:57:37Z", "phone": "001", "groups": [], "user_permissions": []}}, {"model": "posts.user", "pk": "bc0df5be-3d29-4934-900d-c3c0eff2611d", "fields": {"password": "pbkdf2_sha256$600000$A8XFq5BWL6gzLXlh9XxcKs$UIOVLnxHOq2n/bmTahmxZBO/QecbW0EkfGzGsNCphTc=", "last_login": "2023-11-07T14:41:45.090Z", "is_superuser": true, "username": "nate", "first_name": "", "last_name": "", "email": "", "is_staff": true, "is_active": true, "date_joined": "2023-11-07T14:41:24.372Z", "phone": "0911", "groups": [], "user_permissions": []}}, {"model": "posts.user", "pk": "da15f523-2567-4f8b-8928-9b23791972e2", "fields": {"password": "123", "last_login": "2023-11-09T12:46:50Z", "is_superuser": false, "username": "u1", "first_name": "", "last_name": "", "email": "", "is_staff": false, "is_active": true, "date_joined": "2023-11-09T12:46:10Z", "phone": "000", "groups": [], "user_permissions": []}}, {"model": "posts.post", "pk": "02d27928-cece-45c3-be44-24c1ad2959bd", "fields": {"title": "hh", "description": "ff", "link": "", "price": 33, "currency": "Br", "hasDiscount": false, "discountedPrice": null, "discountCurrency": null, "categoryId": null, "sellerId": "bc0df5be-3d29-4934-900d-c3c0eff2611d", "likes": 0, "engagement": 0, "nextIconAction": "D"}}, {"model": "posts.post", "pk": "2a8c7f6c-114a-4a27-8926-378ebd3c9fef", "fields": {"title": "p2", "description": "", "link": "", "price": 4, "currency": "Br", "hasDiscount": false, "discountedPrice": null, "discountCurrency": null, "categoryId": null, "sellerId": "bc0df5be-3d29-4934-900d-c3c0eff2611d", "likes": 0, "engagement": 0, "nextIconAction": "D"}}, {"model": "posts.post", "pk": "74570df6-3ca3-4108-bcc6-db716614c42b", "fields": {"title": "p4", "description": "", "link": "", "price": 4, "currency": "Br", "hasDiscount": false, "discountedPrice": null, "discountCurrency": null, "categoryId": "8c95e2a1-280a-412a-99de-297e408eaca5", "sellerId": "98ec0983-da95-4b40-814a-b0ecbc1f6edf", "likes": 0, "engagement": 0, "nextIconAction": "D"}}, {"model": "posts.post", "pk": "8a17fb03-95bf-4f68-bd07-8c5a45b8af01", "fields": {"title": "ff", "description": "ddddddddddddddddddddddddddddddddddddddddddddddddddddddddd", "link": "ddddddddddddddddddddddddddddddddddddddddddddddddddddddddd", "price": 777, "currency": "Br", "hasDiscount": true, "discountedPrice": 44, "discountCurrency": "Br", "categoryId": "a65aaad5-d4e6-4dfb-92b8-5dc4b6286a8b", "sellerId": "320474c0-010c-47eb-b3b5-838fffbbf173", "likes": 4, "engagement": 0, "nextIconAction": "D"}}, {"model": "posts.post", "pk": "8b5bb46b-9bdb-4c6d-a229-fcd0e02d0192", "fields": {"title": "p1", "description": "", "link": "", "price": 3, "currency": "Br", "hasDiscount": false, "discountedPrice": null, "discountCurrency": null, "categoryId": "a65aaad5-d4e6-4dfb-92b8-5dc4b6286a8b", "sellerId": "da15f523-2567-4f8b-8928-9b23791972e2", "likes": 0, "engagement": 0, "nextIconAction": "D"}}, {"model": "posts.post", "pk": "b993723c-13b1-4de0-9d87-904692d3c3ff", "fields": {"title": "p5", "description": "", "link": "", "price": 3, "currency": "Br", "hasDiscount": false, "discountedPrice": null, "discountCurrency": null, "categoryId": "a65aaad5-d4e6-4dfb-92b8-5dc4b6286a8b", "sellerId": "320474c0-010c-47eb-b3b5-838fffbbf173", "likes": 0, "engagement": 0, "nextIconAction": "D"}}, {"model": "posts.post", "pk": "f3561684-531c-454b-92c6-60c8e7e7e7da", "fields": {"title": "p3", "description": "", "link": "", "price": 3, "currency": "Br", "hasDiscount": false, "discountedPrice": null, "discountCurrency": null, "categoryId": null, "sellerId": "da15f523-2567-4f8b-8928-9b23791972e2", "likes": 0, "engagement": 0, "nextIconAction": "D"}}, {"model": "posts.category", "pk": "8c95e2a1-280a-412a-99de-297e408eaca5", "fields": {"name": "hey"}}, {"model": "posts.category", "pk": "a65aaad5-d4e6-4dfb-92b8-5dc4b6286a8b", "fields": {"name": "Houses"}}, {"model": "posts.category", "pk": "b5fb8863-b488-4e11-96a5-c19ceebd0a49", "fields": {"name": "Car"}}, {"model": "posts.notification", "pk": 1, "fields": {"date": "2023-11-08", "message": "nhf", "image": "", "link": "", "sellerId": "bc0df5be-3d29-4934-900d-c3c0eff2611d", "phone": "888", "buttonPressed": false, "seen": false, "action": "L"}}, {"model": "posts.favourite", "pk": 1, "fields": {"user_id": "bc0df5be-3d29-4934-900d-c3c0eff2611d", "post_id": "f3561684-531c-454b-92c6-60c8e7e7e7da"}}, {"model": "posts.like", "pk": 3, "fields": {"user_id": "bc0df5be-3d29-4934-900d-c3c0eff2611d", "post_id": "74570df6-3ca3-4108-bcc6-db716614c42b"}}, {"model": "posts.like", "pk": 4, "fields": {"user_id": "bc0df5be-3d29-4934-900d-c3c0eff2611d", "post_id": "8a17fb03-95bf-4f68-bd07-8c5a45b8af01"}}, {"model": "posts.interactionusertopost", "pk": 12, "fields": {"user_id": "bc0df5be-3d29-4934-900d-c3c0eff2611d", "post_id": "02d27928-cece-45c3-be44-24c1ad2959bd", "strength": 1, "last_updated_time_of_strength": "2023-11-10", "strength_over_time": "2.00"}}, {"model": "posts.interactionusertopost", "pk": 13, "fields": {"user_id": "da15f523-2567-4f8b-8928-9b23791972e2", "post_id": "8b5bb46b-9bdb-4c6d-a229-fcd0e02d0192", "strength": 1, "last_updated_time_of_strength": "2023-11-10", "strength_over_time": "1.00"}}, {"model": "posts.interactionusertopost", "pk": 14, "fields": {"user_id": "da15f523-2567-4f8b-8928-9b23791972e2", "post_id": "2a8c7f6c-114a-4a27-8926-378ebd3c9fef", "strength": 1, "last_updated_time_of_strength": "2023-11-10", "strength_over_time": "1.00"}}, {"model": "posts.interactionusertopost", "pk": 15, "fields": {"user_id": "da15f523-2567-4f8b-8928-9b23791972e2", "post_id": "02d27928-cece-45c3-be44-24c1ad2959bd", "strength": 3, "last_updated_time_of_strength": "2023-11-10", "strength_over_time": "1.00"}}, {"model": "posts.interactionusertopost", "pk": 16, "fields": {"user_id": "b7b59286-eef3-4b8c-8594-4fbfd4bb68b9", "post_id": "f3561684-531c-454b-92c6-60c8e7e7e7da", "strength": 1, "last_updated_time_of_strength": "2023-11-10", "strength_over_time": "1.00"}}, {"model": "posts.interactionusertopost", "pk": 17, "fields": {"user_id": "b7b59286-eef3-4b8c-8594-4fbfd4bb68b9", "post_id": "74570df6-3ca3-4108-bcc6-db716614c42b", "strength": 4, "last_updated_time_of_strength": "2023-11-11", "strength_over_time": "1.00"}}, {"model": "posts.interactionusertopost", "pk": 18, "fields": {"user_id": "b7b59286-eef3-4b8c-8594-4fbfd4bb68b9", "post_id": "02d27928-cece-45c3-be44-24c1ad2959bd", "strength": 3, "last_updated_time_of_strength": "2023-11-10", "strength_over_time": "1.00"}}, {"model": "posts.interactionusertopost", "pk": 19, "fields": {"user_id": "7afcf235-6c5c-46b0-b3bc-8cc67a2eee16", "post_id": "b993723c-13b1-4de0-9d87-904692d3c3ff", "strength": 2, "last_updated_time_of_strength": "2023-11-10", "strength_over_time": "1.00"}}, {"model": "posts.interactionusertopost", "pk": 20, "fields": {"user_id": "7afcf235-6c5c-46b0-b3bc-8cc67a2eee16", "post_id": "8a17fb03-95bf-4f68-bd07-8c5a45b8af01", "strength": 1, "last_updated_time_of_strength": "2023-11-10", "strength_over_time": "1.00"}}, {"model": "posts.interactionusertopost", "pk": 21, "fields": {"user_id": "7afcf235-6c5c-46b0-b3bc-8cc67a2eee16", "post_id": "02d27928-cece-45c3-be44-24c1ad2959bd", "strength": 2, "last_updated_time_of_strength": "2023-11-10", "strength_over_time": "1.00"}}, {"model": "posts.interactionusertouser", "pk": 2, "fields": {"user_performer": "bc0df5be-3d29-4934-900d-c3c0eff2611d", "user_performed_on": "b7b59286-eef3-4b8c-8594-4fbfd4bb68b9", "strength": 1, "last_updated_time_of_strength": "2023-11-10", "strength_over_time": "3.00"}}, {"model": "posts.interactionusertouser", "pk": 3, "fields": {"user_performer": "bc0df5be-3d29-4934-900d-c3c0eff2611d", "user_performed_on": "320474c0-010c-47eb-b3b5-838fffbbf173", "strength": 1, "last_updated_time_of_strength": "2023-11-11", "strength_over_time": "2.00"}}, {"model": "posts.interactionusertocategory", "pk": 3, "fields": {"user_id": "bc0df5be-3d29-4934-900d-c3c0eff2611d", "category_id": "a65aaad5-d4e6-4dfb-92b8-5dc4b6286a8b", "strength": 1, "last_updated_time_of_strength": "2023-11-11", "strength_over_time": "2.00"}}, {"model": "posts.associationcategorytoseller", "pk": 1, "fields": {"category_id": "a65aaad5-d4e6-4dfb-92b8-5dc4b6286a8b", "seller_id": "320474c0-010c-47eb-b3b5-838fffbbf173", "strength": 1, "last_updated_time_of_strength": "2023-11-10", "strength_over_time": "2.00"}}, {"model": "posts.follower", "pk": 1, "fields": {"user_follower": "bc0df5be-3d29-4934-900d-c3c0eff2611d", "user_followed": "b7b59286-eef3-4b8c-8594-4fbfd4bb68b9", "strength": 1, "last_updated_time_of_strength": "2023-11-11", "strength_over_time": "2.00"}}, {"model": "posts.follower", "pk": 2, "fields": {"user_follower": "bc0df5be-3d29-4934-900d-c3c0eff2611d", "user_followed": "320474c0-010c-47eb-b3b5-838fffbbf173", "strength": 1, "last_updated_time_of_strength": "2023-11-11", "strength_over_time": "3.00"}}, {"model": "posts.newpost", "pk": 1, "fields": {"seller_id": "ab4e3d38-3245-4876-a5d0-aed52cec964e", "category_id": "b5fb8863-b488-4e11-96a5-c19ceebd0a49", "post_id": "2a8c7f6c-114a-4a27-8926-378ebd3c9fef"}}, {"model": "posts.newpost", "pk": 2, "fields": {"seller_id": "7afcf235-6c5c-46b0-b3bc-8cc67a2eee16", "category_id": "a65aaad5-d4e6-4dfb-92b8-5dc4b6286a8b", "post_id": "02d27928-cece-45c3-be44-24c1ad2959bd"}}]